DateTime,Appliances,lights,T1,RH_1,T2,RH_2
2016-01-11 18:20:00,60,40,19.79,45.5975,19.2,44.433333333333294
2016-01-11 18:30:00,70,40,19.8566666666667,46.09,19.23,44.4
2016-01-11 18:40:00,230,70,19.9266666666667,45.863333333333294,19.3566666666667,44.4
2016-01-11 18:50:00,580,60,20.066666666666695,46.3966666666667,19.4266666666667,44.4
2016-01-11 19:00:00,430,50,20.1333333333333,48.0,19.566666666666695,44.4
2016-01-11 19:10:00,250,40,20.26,52.7266666666667,19.73,45.1
2016-01-11 19:20:00,100,10,20.4266666666667,55.893333333333295,19.8566666666667,45.83333333333329
2016-01-11 19:30:00,100,10,20.566666666666695,53.893333333333295,20.033333333333296,46.7566666666667
2016-01-11 19:40:00,90,10,20.73,52.66,20.1666666666667,47.223333333333294
2016-01-11 19:50:00,70,30,20.8566666666667,53.66,20.2,47.05666666666671
2016-01-11 20:00:00,80,30,20.89,51.19333333333329,20.2,46.33
2016-01-11 20:10:00,140,40,20.89,49.8,20.2,46.0266666666667
2016-01-11 20:20:00,120,20,20.89,48.433333333333294,20.2,45.7225
2016-01-11 20:30:00,190,40,20.963333333333296,47.6333333333333,20.26,45.53
2016-01-11 20:40:00,110,40,21.033333333333296,47.0633333333333,20.29,45.223333333333294
2016-01-11 20:50:00,110,40,21.1,46.59666666666671,20.3566666666667,44.963333333333296
2016-01-11 21:00:00,110,30,21.1333333333333,46.06,20.4266666666667,44.76
2016-01-11 21:10:00,110,20,21.2,45.8,20.5,44.76
2016-01-11 21:20:00,100,30,21.29,45.9,20.533333333333296,45.09
2016-01-11 21:30:00,100,20,21.3566666666667,45.8266666666667,20.6666666666667,45.1633333333333
2016-01-11 21:40:00,100,20,21.39,45.69,20.7,45.06
2016-01-11 21:50:00,100,20,21.5,45.33333333333329,20.7,44.933333333333294
2016-01-11 22:00:00,110,20,21.5,45.1266666666667,20.79,44.6333333333333
2016-01-11 22:10:00,400,20,21.533333333333296,44.9666666666667,20.79,44.36
2016-01-11 22:20:00,400,20,21.6,44.7666666666667,20.89,44.223333333333294
2016-01-11 22:30:00,390,30,21.6,44.56,20.963333333333296,43.963333333333296
2016-01-11 22:40:00,240,20,21.6,44.36,21.0,43.83333333333329
2016-01-11 22:50:00,60,20,21.6,44.2,21.0,43.7
2016-01-11 23:00:00,60,20,21.6,44.2,21.0,43.59
2016-01-11 23:10:00,60,20,21.6,44.2,21.0,43.59
2016-01-11 23:20:00,50,10,21.6,44.2,21.0,43.7
2016-01-11 23:30:00,70,20,21.5,44.23,20.9266666666667,43.76
2016-01-11 23:40:00,60,20,21.5,44.363333333333294,20.89,43.845
2016-01-11 23:50:00,40,20,21.39,44.433333333333294,20.79,43.79
2016-01-12 00:00:00,40,10,21.39,44.56,20.79,43.863333333333294
2016-01-12 00:10:00,30,20,21.29,44.8266666666667,20.7,44.0
2016-01-12 00:20:00,40,20,21.29,44.9666666666667,20.6333333333333,44.0
2016-01-12 00:30:00,50,20,21.26,45.09,20.6,44.03
2016-01-12 00:40:00,310,10,21.2,45.09,20.6,44.09
2016-01-12 00:50:00,380,20,21.1666666666667,45.23,20.5,44.1266666666667
2016-01-12 01:00:00,380,20,21.075,45.3725,20.5,44.2
2016-01-12 01:10:00,370,20,21.0,45.4,20.39,44.2
2016-01-12 01:20:00,120,10,21.0,45.59,20.39,44.26
2016-01-12 01:30:00,50,0,20.9266666666667,45.59,20.29,44.29
2016-01-12 01:40:00,40,0,20.89,45.66666666666671,20.23,44.29
2016-01-12 01:50:00,50,0,20.89,46.06,20.2,44.4
2016-01-12 02:00:00,40,0,20.79,46.2,20.2,44.4666666666667
2016-01-12 02:10:00,50,0,20.79,46.2,20.1,44.53
2016-01-12 02:20:00,50,0,20.7,46.26,20.1,44.59
2016-01-12 02:30:00,50,0,20.7,46.2,20.0,44.433333333333294
2016-01-12 02:40:00,40,0,20.6,46.2,20.0,44.5
2016-01-12 02:50:00,40,0,20.6,46.1266666666667,20.0,44.5
2016-01-12 03:00:00,30,0,20.566666666666695,46.0666666666667,19.89,44.59
2016-01-12 03:10:00,20,0,20.5,46.2,19.823333333333295,44.53
2016-01-12 03:20:00,20,0,20.5,46.29,19.79,44.53
2016-01-12 03:30:00,40,0,20.4266666666667,46.23,19.79,44.53
2016-01-12 03:40:00,50,0,20.39,46.29,19.76,44.59
2016-01-12 03:50:00,50,0,20.39,46.363333333333294,19.7,44.59
2016-01-12 04:00:00,40,0,20.29,46.5,19.7,44.7
2016-01-12 04:10:00,50,0,20.29,46.545,19.6333333333333,44.6266666666667
2016-01-12 04:20:00,40,0,20.23,46.5,19.6,44.59
2016-01-12 04:30:00,40,0,20.2,46.433333333333294,19.6,44.59
2016-01-12 04:40:00,40,0,20.2,46.56,19.566666666666695,44.7
2016-01-12 04:50:00,60,0,20.1666666666667,46.363333333333294,19.5,44.7
2016-01-12 05:00:00,50,0,20.1,46.363333333333294,19.5,44.79
2016-01-12 05:10:00,50,0,20.1,46.5,19.4266666666667,44.73
2016-01-12 05:20:00,40,0,20.033333333333296,46.36,19.39,44.73
2016-01-12 05:30:00,40,0,20.0,46.29,19.39,44.79
2016-01-12 05:40:00,40,0,20.0,46.29,19.39,44.79
2016-01-12 05:50:00,40,0,20.0,46.23,19.39,44.79
2016-01-12 06:00:00,50,0,19.9266666666667,46.23,19.29,44.9
2016-01-12 06:10:00,70,10,19.89,46.23,19.29,44.925
2016-01-12 06:20:00,40,0,19.89,46.43,19.29,45.0
2016-01-12 06:30:00,30,0,19.89,46.6266666666667,19.29,45.1266666666667
2016-01-12 06:40:00,20,10,19.89,46.7,19.218,45.2
2016-01-12 06:50:00,30,0,19.89,46.863333333333294,19.2,45.245
2016-01-12 07:00:00,40,10,19.823333333333295,46.863333333333294,19.2,45.363333333333294
2016-01-12 07:10:00,50,10,19.8566666666667,46.93,19.2,45.4
2016-01-12 07:20:00,60,20,19.79,46.79,19.2,45.3266666666667
2016-01-12 07:30:00,60,20,19.79,46.895,19.175,45.195
2016-01-12 07:40:00,70,20,19.79,47.4266666666667,19.1,45.03
2016-01-12 07:50:00,60,30,19.79,48.3666666666667,19.1,45.0
2016-01-12 08:00:00,140,20,19.79,48.66666666666671,19.1,45.0
2016-01-12 08:10:00,110,30,19.79,48.533333333333296,19.066666666666695,45.06
2016-01-12 08:20:00,90,10,19.89,50.0,19.0222222222222,45.0444444444444
2016-01-12 08:30:00,60,0,19.89,48.7333333333333,19.1,45.2
2016-01-12 08:40:00,60,0,19.89,48.0266666666667,19.033333333333296,45.1266666666667
2016-01-12 08:50:00,60,0,19.89,47.6333333333333,19.0,45.09
2016-01-12 09:00:00,50,0,19.8566666666667,47.0633333333333,19.0,45.03
2016-01-12 09:10:00,60,0,19.79,46.6566666666667,19.0,44.9666666666667
2016-01-12 09:20:00,50,0,19.79,46.33333333333329,19.0,44.8266666666667
2016-01-12 09:30:00,30,0,19.79,46.0666666666667,19.0,44.645
2016-01-12 09:40:00,40,0,19.76,45.863333333333294,18.963333333333296,44.56
2016-01-12 09:50:00,30,0,19.7,45.79,18.963333333333296,44.433333333333294
2016-01-12 10:00:00,260,0,19.7,45.6633333333333,18.89,44.29
2016-01-12 10:10:00,500,0,19.7,45.59,18.89,44.23
2016-01-12 10:20:00,450,0,19.73,47.793333333333294,18.9266666666667,44.23
2016-01-12 10:30:00,50,10,19.79,48.793333333333294,19.0,44.363333333333294
2016-01-12 10:40:00,60,0,19.89,47.94,19.033333333333296,44.5666666666667
2016-01-12 10:50:00,60,0,19.89,47.16,19.033333333333296,44.5666666666667
2016-01-12 11:00:00,50,0,19.89,46.7666666666667,19.033333333333296,44.5
2016-01-12 11:10:00,50,0,20.0,46.2966666666667,19.1,44.5
2016-01-12 11:20:00,50,0,20.0,45.963333333333296,19.1,44.4666666666667
2016-01-12 11:30:00,60,0,20.0,46.223333333333294,19.1,44.4
2016-01-12 11:40:00,60,0,20.0,45.963333333333296,19.1,44.29
2016-01-12 11:50:00,60,0,20.0,45.723333333333294,19.15,44.245
2016-01-12 12:00:00,60,0,20.0,45.6633333333333,19.2,44.2
2016-01-12 12:10:00,190,0,20.033333333333296,45.5,19.2,44.1266666666667
2016-01-12 12:20:00,220,0,20.1,45.69333333333329,19.2,43.9
2016-01-12 12:30:00,170,0,20.1,45.4,19.2,43.9
2016-01-12 12:40:00,390,0,20.1,45.3266666666667,19.2,43.856
2016-01-12 12:50:00,90,0,20.1,45.3266666666667,19.2,43.7
2016-01-12 13:00:00,60,0,20.1666666666667,46.9933333333333,19.2,43.76
2016-01-12 13:10:00,290,0,20.1,46.43,19.1,43.8175
2016-01-12 13:20:00,130,0,20.1,46.03,19.1,43.838125
2016-01-12 13:30:00,140,0,20.066666666666695,45.363333333333294,19.1,43.745
2016-01-12 13:40:00,240,0,20.0,44.963333333333296,19.1,43.5955555555556
2016-01-12 13:50:00,50,0,20.0,44.76,19.1,43.488888888888894
2016-01-12 14:00:00,60,0,20.0,44.595,19.1,43.425
2016-01-12 14:10:00,60,0,20.0,44.433333333333294,19.1,43.334
2016-01-12 14:20:00,60,0,20.0,44.26,19.1,43.29
2016-01-12 14:30:00,370,0,20.0,44.2,19.1,43.29
2016-01-12 14:40:00,200,0,20.0,44.06,19.033333333333296,43.23
2016-01-12 14:50:00,70,0,20.0,44.06,19.0,43.2
2016-01-12 15:00:00,50,0,20.0,44.09,19.0,43.1266666666667
2016-01-12 15:10:00,40,0,20.0,44.03,19.0,43.09
2016-01-12 15:20:00,40,0,19.963333333333296,43.9,18.9266666666667,43.09
2016-01-12 15:30:00,30,0,19.963333333333296,43.9,19.033333333333296,43.06
2016-01-12 15:40:00,30,0,20.0,43.863333333333294,19.1,43.0
2016-01-12 15:50:00,30,0,20.066666666666695,43.863333333333294,19.1333333333333,42.863333333333294
2016-01-12 16:00:00,30,0,20.1,43.79,19.2,42.715
2016-01-12 16:10:00,40,0,20.1,43.73,19.1363636363636,42.65
2016-01-12 16:20:00,50,0,20.1,43.56,19.13,42.59
2016-01-12 16:30:00,40,0,20.1,43.433333333333294,19.1,42.59
2016-01-12 16:40:00,40,0,20.1,43.1633333333333,19.0375,42.53375
2016-01-12 16:50:00,40,0,20.1,43.03,19.007692307692295,42.43
2016-01-12 17:00:00,60,0,20.066666666666695,42.83333333333329,19.0,42.4181818181818
2016-01-12 17:10:00,60,10,20.0,42.6725,19.0,42.433333333333294
2016-01-12 17:20:00,210,20,20.0,42.53,18.99,42.4718181818182
2016-01-12 17:30:00,380,20,20.033333333333296,43.4966666666667,18.9022222222222,42.58
2016-01-12 17:40:00,370,40,20.033333333333296,42.963333333333296,18.89,42.56
2016-01-12 17:50:00,230,30,20.0,43.16,18.89,42.7966666666667
2016-01-12 18:00:00,80,40,20.0,43.9,18.8566666666667,43.4
2016-01-12 18:10:00,90,30,20.0,43.7,18.8566666666667,43.4666666666667
2016-01-12 18:20:00,70,20,20.0,43.76,18.9266666666667,43.363333333333294
2016-01-12 18:30:00,40,10,20.033333333333296,44.0,19.0,43.29
2016-01-12 18:40:00,40,0,20.1,44.26,19.2,43.29
2016-01-12 18:50:00,30,0,20.1,44.2,19.245,43.245
2016-01-12 19:00:00,50,0,20.1,44.1266666666667,19.29,43.095
2016-01-12 19:10:00,50,0,20.1,44.06,19.37,42.92
2016-01-12 19:20:00,60,0,20.1,44.0,19.39,42.9
2016-01-12 19:30:00,50,0,20.1,43.9,19.39,42.76
2016-01-12 19:40:00,60,0,20.1,43.8266666666667,19.39,42.7
2016-01-12 19:50:00,60,0,20.033333333333296,43.73,19.39,42.6633333333333
2016-01-12 20:00:00,60,0,20.1,43.73,19.39,42.53
2016-01-12 20:10:00,50,0,20.066666666666695,43.49,19.3566666666667,42.5
2016-01-12 20:20:00,50,0,20.0,43.29,19.29,42.433333333333294
2016-01-12 20:30:00,50,0,20.0,43.145,19.29,42.45
2016-01-12 20:40:00,50,0,20.0,43.06,19.26,42.4666666666667
2016-01-12 20:50:00,50,0,19.9266666666667,43.0,19.2,42.4
2016-01-12 21:00:00,60,0,19.89,42.863333333333294,19.2,42.3266666666667
2016-01-12 21:10:00,60,0,19.89,42.79,19.2,42.3266666666667
2016-01-12 21:20:00,40,0,19.89,42.7,19.1,42.363333333333294
2016-01-12 21:30:00,30,0,19.823333333333295,42.6266666666667,19.1,42.29
2016-01-12 21:40:00,30,20,19.79,42.59,19.0444444444444,42.24
2016-01-12 21:50:00,30,10,19.79,42.723333333333294,19.0,42.0563636363636
2016-01-12 22:00:00,40,0,19.76,42.76,19.0,41.8866666666667
2016-01-12 22:10:00,50,10,19.7,42.7,19.0,41.988333333333294
2016-01-12 22:20:00,50,0,19.7,42.7,19.0,42.064285714285695
2016-01-12 22:30:00,50,0,19.6333333333333,42.6266666666667,18.910625,42.2525
2016-01-12 22:40:00,40,0,19.6666666666667,43.0,18.89,42.410625
2016-01-12 22:50:00,50,0,19.6,43.0,18.89,42.5
2016-01-12 23:00:00,40,0,19.6,43.0,18.89,42.645
2016-01-12 23:10:00,40,0,19.533333333333296,43.0,18.8081818181818,42.7
2016-01-12 23:20:00,40,0,19.5,43.09,18.79,42.75625
2016-01-12 23:30:00,40,0,19.5,43.09,18.79,42.86166666666671
2016-01-12 23:40:00,50,0,19.5,43.145,18.79,43.0
2016-01-12 23:50:00,50,0,19.5,43.2,18.775,43.045
2016-01-13 00:00:00,50,0,19.4266666666667,43.2,18.7,43.09
2016-01-13 00:10:00,30,0,19.39,43.2,18.7,43.2
2016-01-13 00:20:00,20,0,19.39,43.26,18.7,43.26
2016-01-13 00:30:00,30,0,19.39,43.29,18.690909090909095,43.31
2016-01-13 00:40:00,20,0,19.39,43.363333333333294,18.6777777777778,43.3977777777778
2016-01-13 00:50:00,40,0,19.39,43.4,18.6428571428571,43.4285714285714
2016-01-13 01:00:00,50,0,19.323333333333295,43.4666666666667,18.6,43.46
2016-01-13 01:10:00,60,0,19.29,43.5,18.6,43.5
2016-01-13 01:20:00,50,0,19.29,43.56,18.6,43.56
2016-01-13 01:30:00,40,0,19.29,43.59,18.588888888888896,43.59
2016-01-13 01:40:00,40,0,19.29,43.59,18.5,43.59
2016-01-13 01:50:00,50,0,19.29,43.7,18.5,43.635833333333295
2016-01-13 02:00:00,40,0,19.29,43.76,18.5,43.68625
2016-01-13 02:10:00,40,0,19.2,43.7,18.5,43.7
2016-01-13 02:20:00,50,0,19.2,43.76,18.5,43.775
2016-01-13 02:30:00,50,0,19.2,43.79,18.5,43.845
2016-01-13 02:40:00,50,0,19.2,43.863333333333294,18.5,43.9
2016-01-13 02:50:00,40,0,19.2,43.9,18.4830769230769,43.8619230769231
2016-01-13 03:00:00,30,0,19.1,43.933333333333294,18.4938888888889,43.79
2016-01-13 03:10:00,20,0,19.1,44.0,18.4205555555556,43.808333333333294
2016-01-13 03:20:00,20,0,19.1,44.0,18.3961111111111,43.7961111111111
2016-01-13 03:30:00,20,0,19.1,44.0,18.39,43.79
2016-01-13 03:40:00,50,0,19.1,44.09,18.39,43.79
2016-01-13 03:50:00,50,0,19.1,44.09,18.3718181818182,43.84
2016-01-13 04:00:00,50,0,19.033333333333296,44.03,18.307647058823495,43.9
2016-01-13 04:10:00,40,0,19.033333333333296,44.09,18.3429411764706,43.9
2016-01-13 04:20:00,40,0,19.0,44.09,18.34,43.91666666666671
2016-01-13 04:30:00,50,0,19.0,44.09,18.29,43.9055555555556
2016-01-13 04:40:00,40,0,19.0,44.09,18.29,43.9
2016-01-13 04:50:00,50,0,19.0,44.1633333333333,18.29,43.9388888888889
2016-01-13 05:00:00,50,0,18.963333333333296,44.2,18.273125,43.98125
2016-01-13 05:10:00,50,0,18.89,44.2,18.29,44.0
2016-01-13 05:20:00,40,0,18.89,44.2,18.245,44.0
2016-01-13 05:30:00,40,0,18.89,44.2,18.2,44.0
2016-01-13 05:40:00,50,0,18.89,44.23,18.2,44.0
2016-01-13 05:50:00,20,0,18.89,44.29,18.2,44.0
2016-01-13 06:00:00,20,0,18.89,44.29,18.2,44.0
2016-01-13 06:10:00,50,0,18.865,44.365,18.2,44.0
2016-01-13 06:20:00,30,10,18.79,44.723333333333294,18.2,44.0666666666667
2016-01-13 06:30:00,50,10,18.89,45.03,18.2,44.29375
2016-01-13 06:40:00,50,10,18.89,45.09,18.1727272727273,44.4163636363636
2016-01-13 06:50:00,200,0,18.89,45.0,18.1818181818182,44.5409090909091
2016-01-13 07:00:00,110,10,18.89,45.0,18.15,44.59
2016-01-13 07:10:00,80,10,18.79,44.6333333333333,18.1,44.1966666666667
2016-01-13 07:20:00,50,0,18.79,44.5,18.1,43.9666666666667
2016-01-13 07:30:00,50,0,18.79,44.59,18.05,43.845
2016-01-13 07:40:00,50,0,18.79,44.53,18.1,43.8175
2016-01-13 07:50:00,40,0,18.79,44.363333333333294,18.1,43.79
2016-01-13 08:00:00,40,0,18.79,44.23,18.0,43.645
2016-01-13 08:10:00,30,0,18.79,44.06,18.0,43.7
2016-01-13 08:20:00,180,20,18.79,43.933333333333294,18.0,43.45
2016-01-13 08:30:00,350,30,18.79,43.9,18.0,43.363333333333294
2016-01-13 08:40:00,350,20,18.79,43.9,18.0,43.363333333333294
2016-01-13 08:50:00,300,30,18.79,44.0,18.0,43.4
2016-01-13 09:00:00,400,20,18.8566666666667,44.06,18.066666666666695,43.4666666666667
2016-01-13 09:10:00,390,30,18.89,44.23,18.1333333333333,43.59
2016-01-13 09:20:00,290,30,18.9975,44.3975,18.26,43.6633333333333
2016-01-13 09:30:00,60,30,19.1,44.5,18.323333333333295,43.5
2016-01-13 09:40:00,70,20,19.1333333333333,44.5,18.463333333333296,43.5
2016-01-13 09:50:00,110,30,19.2,44.36,18.533333333333296,43.43
2016-01-13 10:00:00,90,20,19.2,44.06,18.6,43.23
2016-01-13 10:10:00,60,20,19.2,44.06,18.6,43.1566666666667
2016-01-13 10:20:00,70,20,19.2,44.09,18.6666666666667,43.43
2016-01-13 10:30:00,80,20,19.2,44.1633333333333,18.7,43.93
2016-01-13 10:40:00,60,0,19.23,44.39,18.76,43.863333333333294
2016-01-13 10:50:00,40,10,19.29,44.7966666666667,18.79,44.0
2016-01-13 11:00:00,30,10,19.29,45.1633333333333,18.79,44.0
2016-01-13 11:10:00,70,10,19.23,45.03,18.7,43.145
2016-01-13 11:20:00,50,10,19.29,45.7333333333333,18.7,43.06
2016-01-13 11:30:00,80,10,19.29,45.1266666666667,18.7,43.0
2016-01-13 11:40:00,80,10,19.2,44.83333333333329,18.7,43.06
2016-01-13 11:50:00,50,0,19.2,44.7,18.6333333333333,42.933333333333294
2016-01-13 12:00:00,40,0,19.2,44.9,18.6,42.83333333333329
2016-01-13 12:10:00,50,0,19.2,44.69333333333329,18.6,42.16666666666671
2016-01-13 12:20:00,40,0,19.2,43.6,18.5,41.79
2016-01-13 12:30:00,40,0,19.2,43.12,18.5,41.73
2016-01-13 12:40:00,50,0,19.1333333333333,42.7666666666667,18.5,41.6633333333333
2016-01-13 12:50:00,30,0,19.1666666666667,42.4666666666667,18.5,41.53
2016-01-13 13:00:00,30,0,19.1,42.2666666666667,18.5,41.363333333333294
2016-01-13 13:10:00,20,0,19.1,42.09,18.5,41.29
2016-01-13 13:20:00,20,0,19.1,41.963333333333296,18.463333333333296,41.1633333333333
2016-01-13 13:30:00,50,0,19.066666666666695,41.76,18.39,41.03
2016-01-13 13:40:00,40,0,19.0,41.6266666666667,18.39,40.9
2016-01-13 13:50:00,50,0,19.0,41.56,18.39,40.8266666666667
2016-01-13 14:00:00,40,0,19.0,41.433333333333294,18.39,40.7
2016-01-13 14:10:00,60,0,19.0,41.29,18.39,40.6266666666667
2016-01-13 14:20:00,40,0,19.0,41.29,18.39,40.495
2016-01-13 14:30:00,40,0,19.0,41.2,18.39,40.4
2016-01-13 14:40:00,50,0,19.0,41.1266666666667,18.39,40.3266666666667
2016-01-13 14:50:00,40,0,19.033333333333296,41.1266666666667,18.4266666666667,40.2
2016-01-13 15:00:00,40,0,19.1,41.1266666666667,18.5,40.1266666666667
2016-01-13 15:10:00,30,0,19.1333333333333,41.0,18.5,40.06
2016-01-13 15:20:00,30,0,19.2,40.933333333333294,18.5,40.0
2016-01-13 15:30:00,30,0,19.2,40.76,18.6333333333333,39.9
2016-01-13 15:40:00,40,0,19.2675,40.745,18.7,39.8266666666667
2016-01-13 15:50:00,80,0,19.29,40.5666666666667,18.73,39.56
2016-01-13 16:00:00,70,0,19.39,40.53,18.79,39.5
2016-01-13 16:10:00,80,0,19.39,40.59,18.79,39.6266666666667
2016-01-13 16:20:00,70,0,19.39,40.6266666666667,18.79,39.7
2016-01-13 16:30:00,80,0,19.39,40.7,18.79,39.7
2016-01-13 16:40:00,80,0,19.323333333333295,40.73,18.79,39.76
2016-01-13 16:50:00,100,0,19.39,40.863333333333294,18.7,39.79
2016-01-13 17:00:00,90,0,19.3566666666667,40.79,18.7,39.73
2016-01-13 17:10:00,100,10,19.29,40.73,18.7,39.76
2016-01-13 17:20:00,90,0,19.29,40.6633333333333,18.7,39.7
2016-01-13 17:30:00,110,0,19.29,40.6633333333333,18.7,39.7
2016-01-13 17:40:00,90,10,19.29,40.79,18.7,39.7
2016-01-13 17:50:00,100,0,19.29,40.73,18.7,39.76
2016-01-13 18:00:00,100,10,19.29,40.79,18.7,39.8266666666667
2016-01-13 18:10:00,110,0,19.29,40.73,18.7,39.9
2016-01-13 18:20:00,100,10,19.26,40.7,18.7,39.9
2016-01-13 18:30:00,90,10,19.26,40.76,18.7,39.9666666666667
2016-01-13 18:40:00,90,10,19.29,40.9,18.7,40.0
2016-01-13 18:50:00,180,10,19.29,40.8266666666667,18.7,40.0
2016-01-13 19:00:00,140,0,19.29,41.15,18.79,40.09
2016-01-13 19:10:00,100,10,19.323333333333295,42.1566666666667,18.79,40.09
2016-01-13 19:20:00,110,20,19.39,42.09666666666671,18.823333333333295,40.1566666666667
2016-01-13 19:30:00,340,20,19.39,41.73,18.823333333333295,40.23
2016-01-13 19:40:00,380,20,19.39,41.6566666666667,18.89,40.4
2016-01-13 19:50:00,210,30,19.39,41.59,18.89,40.4
2016-01-13 20:00:00,150,20,19.463333333333296,41.59,19.0,40.4
2016-01-13 20:10:00,330,20,19.5,41.6,19.0,40.4
2016-01-13 20:20:00,420,20,19.5,41.3266666666667,19.0,40.5
2016-01-13 20:30:00,330,20,19.533333333333296,41.29,19.0,40.5
2016-01-13 20:40:00,130,20,19.6,41.43,19.1,40.7
2016-01-13 20:50:00,130,20,19.6,41.5,19.1,40.8266666666667
2016-01-13 21:00:00,110,20,19.6,41.56,19.1666666666667,40.9
2016-01-13 21:10:00,250,10,19.6,41.59,19.1333333333333,40.9
2016-01-13 21:20:00,520,0,19.6,41.53,19.1333333333333,40.9
2016-01-13 21:30:00,360,0,19.6,41.5,19.1,40.9666666666667
2016-01-13 21:40:00,330,0,19.6,41.69333333333329,19.1,40.8266666666667
2016-01-13 21:50:00,310,0,19.6,42.0,19.1,40.79
2016-01-13 22:00:00,270,0,19.6,42.0,19.1,40.73
2016-01-13 22:10:00,230,0,19.6,42.145,19.066666666666695,40.6333333333333
2016-01-13 22:20:00,170,10,19.6,42.2,19.0,40.56
2016-01-13 22:30:00,60,0,19.6,42.0666666666667,19.0,40.6566666666667
2016-01-13 22:40:00,30,0,19.5,42.0,19.0,40.93
2016-01-13 22:50:00,30,0,19.5,42.1333333333333,18.963333333333296,41.0666666666667
2016-01-13 23:00:00,30,0,19.5,42.2,18.89,41.2
2016-01-13 23:10:00,40,0,19.4266666666667,42.1266666666667,18.89,41.29
2016-01-13 23:20:00,50,0,19.39,42.09,18.823333333333295,41.23
2016-01-13 23:30:00,50,0,19.39,42.09,18.79,41.29
2016-01-13 23:40:00,40,0,19.3566666666667,42.09,18.79,41.29
2016-01-13 23:50:00,40,0,19.29,42.09,18.7,41.4
2016-01-14 00:00:00,50,0,19.29,42.09,18.7,41.4
2016-01-14 00:10:00,50,0,19.29,42.09,18.6333333333333,41.3266666666667
2016-01-14 00:20:00,40,0,19.2,42.06,18.6,41.29
2016-01-14 00:30:00,60,0,19.2,42.06,18.6,41.29
2016-01-14 00:40:00,40,0,19.2,42.09,18.6,41.29
2016-01-14 00:50:00,40,0,19.1333333333333,42.09,18.533333333333296,41.29
2016-01-14 01:00:00,50,0,19.1,42.09,18.5,41.29
2016-01-14 01:10:00,40,0,19.1,42.09,18.5,41.29
2016-01-14 01:20:00,30,0,19.1,42.09,18.463333333333296,41.26
2016-01-14 01:30:00,30,0,19.0,42.0,18.39,41.2
2016-01-14 01:40:00,30,0,19.0,42.06,18.39,41.29
2016-01-14 01:50:00,40,0,19.0,42.09,18.39,41.29
2016-01-14 02:00:00,40,0,19.0,42.09,18.29,41.29
2016-01-14 02:10:00,50,0,18.963333333333296,42.09,18.29,41.29
2016-01-14 02:20:00,40,0,18.89,42.1633333333333,18.29,41.4
2016-01-14 02:30:00,40,0,18.89,42.2,18.29,41.4
2016-01-14 02:40:00,40,0,18.89,42.2,18.2,41.29
2016-01-14 02:50:00,50,0,18.79,42.1266666666667,18.2,41.363333333333294
2016-01-14 03:00:00,50,0,18.79,42.2,18.2,41.4
2016-01-14 03:10:00,50,0,18.79,42.2,18.2,41.425
2016-01-14 03:20:00,40,0,18.79,42.2,18.1333333333333,41.5
2016-01-14 03:30:00,50,0,18.76,42.23,18.1,41.5
2016-01-14 03:40:00,40,0,18.7,42.29,18.1,41.5
2016-01-14 03:50:00,40,0,18.7,42.29,18.1,41.59
2016-01-14 04:00:00,20,0,18.7,42.29,18.033333333333296,41.53
2016-01-14 04:10:00,30,0,18.7,42.29,18.1,41.59
2016-01-14 04:20:00,30,0,18.7,42.29,18.1,41.59
2016-01-14 04:30:00,40,0,18.6666666666667,42.29,18.0,41.5
2016-01-14 04:40:00,50,0,18.6,42.29,18.0,41.56
2016-01-14 04:50:00,40,0,18.6,42.29,18.0,41.59
2016-01-14 05:00:00,40,0,18.6,42.3266666666667,18.0,41.59
2016-01-14 05:10:00,50,0,18.6,42.4,17.9633333333333,41.7
2016-01-14 05:20:00,40,0,18.6,42.4,17.89,41.7
2016-01-14 05:30:00,50,0,18.533333333333296,42.4,17.89,41.6266666666667
2016-01-14 05:40:00,50,0,18.5,42.433333333333294,17.89,41.7
2016-01-14 05:50:00,40,0,18.5,42.5,17.89,41.73
2016-01-14 06:00:00,50,0,18.5,42.5,17.89,41.79
2016-01-14 06:10:00,40,0,18.5,42.5,17.79,41.73
2016-01-14 06:20:00,40,0,18.463333333333296,42.56,17.84,41.79
2016-01-14 06:30:00,40,0,18.39,42.5,17.79,41.79
2016-01-14 06:40:00,40,0,18.39,42.53,17.79,41.79
2016-01-14 06:50:00,30,10,18.39,42.59,17.79,41.863333333333294
2016-01-14 07:00:00,70,10,18.39,42.59,17.79,41.9
2016-01-14 07:10:00,360,20,18.39,42.863333333333294,17.79,41.9666666666667
2016-01-14 07:20:00,400,10,18.39,43.36,17.79,42.23
2016-01-14 07:30:00,70,10,18.39,43.9666666666667,17.79,42.43
2016-01-14 07:40:00,70,0,18.39,44.09,17.79,42.6266666666667
2016-01-14 07:50:00,390,0,18.39,44.0225,17.79,42.7
2016-01-14 08:00:00,100,0,18.39,43.933333333333294,17.76,42.7
2016-01-14 08:10:00,80,10,18.39,43.76,17.7,42.6266666666667
2016-01-14 08:20:00,70,0,18.39,43.7,17.7,42.59
2016-01-14 08:30:00,170,10,18.39,43.59,17.7,42.53
2016-01-14 08:40:00,360,0,18.39,43.53,17.7,42.5
2016-01-14 08:50:00,180,10,18.39,43.363333333333294,17.7,42.433333333333294
2016-01-14 09:00:00,130,0,18.39,43.29,17.79,42.29
2016-01-14 09:10:00,70,20,18.4266666666667,43.3266666666667,17.79,42.23
2016-01-14 09:20:00,70,10,18.5,43.4,17.9266666666667,42.2
2016-01-14 09:30:00,180,20,18.533333333333296,43.4,18.025,42.1175
2016-01-14 09:40:00,170,20,18.533333333333296,43.2666666666667,18.1,42.09
2016-01-14 09:50:00,390,30,18.6,43.29,18.23,42.03
2016-01-14 10:00:00,420,20,18.6666666666667,43.49,18.29,42.09
2016-01-14 10:10:00,340,20,18.7,43.6333333333333,18.39,42.09
2016-01-14 10:20:00,550,10,18.7,43.433333333333294,18.39,42.09
2016-01-14 10:30:00,690,10,18.79,43.7666666666667,18.5,42.06
2016-01-14 10:40:00,620,10,18.79,43.69333333333329,18.566666666666695,41.7266666666667
2016-01-14 10:50:00,610,10,18.823333333333295,43.26,18.6333333333333,41.4666666666667
2016-01-14 11:00:00,490,10,18.9175,43.05,18.7,41.3266666666667
2016-01-14 11:10:00,260,20,19.0,42.933333333333294,18.823333333333295,41.09
2016-01-14 11:20:00,240,10,19.1,42.863333333333294,18.89,41.03
2016-01-14 11:30:00,220,10,19.1666666666667,43.53,19.033333333333296,40.79
2016-01-14 11:40:00,130,10,19.36,44.5666666666667,19.1666666666667,40.73
2016-01-14 11:50:00,90,10,19.566666666666695,44.5,19.323333333333295,40.6633333333333
2016-01-14 12:00:00,290,10,19.73,45.1233333333333,19.463333333333296,40.59
2016-01-14 12:10:00,410,0,19.996666666666705,45.73,19.6333333333333,40.53
2016-01-14 12:20:00,320,0,20.1,45.05666666666671,19.7,40.59
2016-01-14 12:30:00,260,0,20.1666666666667,44.463333333333296,19.79,40.4666666666667
2016-01-14 12:40:00,210,0,20.36,45.19333333333329,19.8925,40.3725
2016-01-14 12:50:00,210,0,20.566666666666695,44.7266666666667,20.066666666666695,40.29
2016-01-14 13:00:00,140,0,20.823333333333295,44.33333333333329,20.1333333333333,40.2
2016-01-14 13:10:00,60,0,20.963333333333296,43.8666666666667,20.26,40.1266666666667
2016-01-14 13:20:00,50,0,21.1,43.5266666666667,20.29,40.0
2016-01-14 13:30:00,60,0,21.1666666666667,43.0666666666667,20.29,40.0
2016-01-14 13:40:00,50,0,21.2,42.1,20.39,39.76
2016-01-14 13:50:00,60,0,21.2,41.69333333333329,20.463333333333296,39.7
2016-01-14 14:00:00,140,0,21.23,41.59666666666671,20.5,39.59
2016-01-14 14:10:00,270,0,21.29,41.565,20.566666666666695,39.53
2016-01-14 14:20:00,200,0,21.3566666666667,41.29,20.6,39.4666666666667
2016-01-14 14:30:00,60,0,21.3566666666667,40.83333333333329,20.6,39.4
2016-01-14 14:40:00,50,0,21.3566666666667,40.6266666666667,20.73,39.4
2016-01-14 14:50:00,60,0,21.5,40.56,20.79,39.3266666666667
2016-01-14 15:00:00,80,0,21.5,40.433333333333294,20.89,39.29
2016-01-14 15:10:00,50,0,21.6,40.26,20.963333333333296,39.23
2016-01-14 15:20:00,40,0,21.6,40.1266666666667,21.0,39.1633333333333
2016-01-14 15:30:00,50,0,21.6,40.06,21.066666666666695,39.09
2016-01-14 15:40:00,50,0,21.6,40.0,21.1,39.09
2016-01-14 15:50:00,40,0,21.533333333333296,40.0,21.075,38.9975
2016-01-14 16:00:00,30,0,21.533333333333296,39.933333333333294,21.0,38.9
2016-01-14 16:10:00,30,0,21.5,39.79,21.0,38.76
2016-01-14 16:20:00,200,0,21.5,39.73,20.9266666666667,38.7
2016-01-14 16:30:00,450,0,21.39,39.59,20.89,38.5
2016-01-14 16:40:00,400,0,21.39,39.7966666666667,20.823333333333295,38.433333333333294
2016-01-14 16:50:00,740,0,21.39,40.5666666666667,20.79,38.29
2016-01-14 17:00:00,910,0,21.463333333333296,41.69333333333329,20.8566666666667,38.363333333333294
2016-01-14 17:10:00,610,10,21.6333333333333,45.1966666666667,20.9266666666667,38.59666666666671
2016-01-14 17:20:00,510,10,21.76,47.13,21.1333333333333,39.0633333333333
2016-01-14 17:30:00,190,0,21.945,45.3,21.29,39.53
2016-01-14 17:40:00,110,10,22.0,43.9966666666667,21.3566666666667,39.53
2016-01-14 17:50:00,100,0,22.066666666666695,43.1966666666667,21.5,39.56
2016-01-14 18:00:00,90,10,22.1,42.363333333333294,21.566666666666695,39.36
2016-01-14 18:10:00,110,10,22.1,41.89,21.6333333333333,39.1633333333333
2016-01-14 18:20:00,100,0,22.1333333333333,41.43,21.7,39.03
2016-01-14 18:30:00,110,10,22.2,41.1566666666667,21.7,38.9
2016-01-14 18:40:00,100,10,22.1,40.83333333333329,21.7,38.7225
2016-01-14 18:50:00,790,10,22.1666666666667,40.5,21.7,38.6266666666667
2016-01-14 19:00:00,380,10,22.2,40.69333333333329,21.7,38.59
2016-01-14 19:10:00,360,10,22.26,41.83333333333329,21.7,38.7925
2016-01-14 19:20:00,360,10,22.323333333333295,42.5633333333333,21.7,39.1333333333333
2016-01-14 19:30:00,100,10,22.463333333333296,47.76333333333329,21.73,39.6333333333333
2016-01-14 19:40:00,100,10,22.73,46.86,21.79,40.36
2016-01-14 19:50:00,90,10,22.79,45.5266666666667,21.823333333333295,41.1566666666667
2016-01-14 20:00:00,90,20,22.79,44.83333333333329,21.89,40.9566666666667
2016-01-14 20:10:00,110,10,22.73,44.1,21.79,40.46
2016-01-14 20:20:00,140,30,22.7,43.2966666666667,21.79,40.1266666666667
2016-01-14 20:30:00,110,20,22.7,42.89,21.7,40.19333333333329
2016-01-14 20:40:00,100,20,22.7,43.0666666666667,21.7,40.6
2016-01-14 20:50:00,110,20,22.7,43.07,21.7,41.0
2016-01-14 21:00:00,130,20,22.7,42.6333333333333,21.76,41.0
2016-01-14 21:10:00,140,30,22.73,41.93,21.79,40.73
2016-01-14 21:20:00,130,20,22.79,41.79,21.79,40.93
2016-01-14 21:30:00,120,20,22.79,41.79,21.79,41.09
2016-01-14 21:40:00,100,10,22.79,41.73,21.8566666666667,41.1633333333333
2016-01-14 21:50:00,80,0,22.79,41.56,21.89,41.0
2016-01-14 22:00:00,50,10,22.79,41.5,21.89,40.86
2016-01-14 22:10:00,50,0,22.9266666666667,41.033333333333296,22.1,40.433333333333294
2016-01-14 22:20:00,50,0,23.066666666666695,40.4266666666667,22.175,39.75
2016-01-14 22:30:00,40,0,23.2,40.1633333333333,22.26,39.7
2016-01-14 22:40:00,50,0,23.26,40.09,22.39,39.6633333333333
2016-01-14 22:50:00,50,0,23.39,40.06,22.463333333333296,39.6633333333333
2016-01-14 23:00:00,50,0,23.39,40.0,22.6,39.6633333333333
2016-01-14 23:10:00,40,0,23.5,40.0,22.6666666666667,39.6633333333333
2016-01-14 23:20:00,30,0,23.566666666666695,39.933333333333294,22.7,39.59
2016-01-14 23:30:00,30,0,23.6,39.79,22.7,39.59
2016-01-14 23:40:00,40,0,23.6,39.73,22.73,39.5
2016-01-14 23:50:00,40,0,23.6,39.6633333333333,22.79,39.5
2016-01-15 00:00:00,50,0,23.6666666666667,39.6633333333333,22.79,39.4666666666667
2016-01-15 00:10:00,60,0,23.7,39.59,22.79,39.4
2016-01-15 00:20:00,50,0,23.7,39.56,22.79,39.4
2016-01-15 00:30:00,60,0,23.7,39.433333333333294,22.79,39.3266666666667
2016-01-15 00:40:00,50,0,23.79,39.26,22.79,39.29
2016-01-15 00:50:00,50,0,23.79,39.2,22.79,39.23
2016-01-15 01:00:00,50,0,23.79,39.1633333333333,22.79,39.2
2016-01-15 01:10:00,50,0,23.73,39.09,22.79,39.2
2016-01-15 01:20:00,50,0,23.7,39.09,22.79,39.1266666666667
2016-01-15 01:30:00,50,0,23.7,39.03,22.79,39.1266666666667
2016-01-15 01:40:00,60,0,23.7,39.09,22.7,39.09
2016-01-15 01:50:00,50,0,23.6333333333333,39.03,22.7,39.09
2016-01-15 02:00:00,50,0,23.6,39.03,22.7,39.09
2016-01-15 02:10:00,50,0,23.6,39.09,22.6,39.0
2016-01-15 02:20:00,50,0,23.5,39.09,22.6,39.0
2016-01-15 02:30:00,40,0,23.4266666666667,39.09,22.5,39.09
2016-01-15 02:40:00,50,0,23.39,39.23,22.4266666666667,39.03
2016-01-15 02:50:00,40,0,23.323333333333295,39.363333333333294,22.39,39.0
2016-01-15 03:00:00,30,0,23.29,39.5,22.323333333333295,39.06
2016-01-15 03:10:00,40,0,23.23,39.433333333333294,22.26,39.06
2016-01-15 03:20:00,30,0,23.2,39.5,22.2,39.06
2016-01-15 03:30:00,60,0,23.1333333333333,39.433333333333294,22.1666666666667,39.09
2016-01-15 03:40:00,50,0,23.1,39.45,22.1,39.09
2016-01-15 03:50:00,50,0,23.0,39.4,22.0,39.09
2016-01-15 04:00:00,40,0,22.9266666666667,39.4,21.9266666666667,39.09
2016-01-15 04:10:00,50,0,22.89,39.433333333333294,21.89,39.1266666666667
2016-01-15 04:20:00,60,0,22.823333333333295,39.5,21.823333333333295,39.1266666666667
2016-01-15 04:30:00,50,0,22.79,39.53,21.76,39.09
2016-01-15 04:40:00,50,0,22.73,39.59,21.7,39.09
2016-01-15 04:50:00,50,0,22.6666666666667,39.56,21.7,39.2
2016-01-15 05:00:00,50,0,22.6,39.5,21.625,39.145
2016-01-15 05:10:00,40,0,22.566666666666695,39.5,21.533333333333296,39.2
2016-01-15 05:20:00,50,0,22.5,39.5,21.5,39.2
2016-01-15 05:30:00,50,0,22.39,39.4,21.4266666666667,39.2
2016-01-15 05:40:00,50,0,22.39,39.4,21.39,39.2
2016-01-15 05:50:00,60,0,22.3566666666667,39.863333333333294,21.323333333333295,39.2
2016-01-15 06:00:00,50,0,22.29,39.79,21.29,39.29
2016-01-15 06:10:00,40,0,22.2,39.7,21.29,39.29
2016-01-15 06:20:00,50,0,22.2,39.7,21.2,39.23
2016-01-15 06:30:00,50,0,22.1666666666667,39.7,21.2,39.29
2016-01-15 06:40:00,50,0,22.1,39.7,21.1,39.4
2016-01-15 06:50:00,30,0,22.066666666666695,39.6633333333333,21.1,39.4
2016-01-15 07:00:00,70,10,22.0,39.6175,21.0,39.3266666666667
2016-01-15 07:10:00,50,10,21.9266666666667,39.9,21.0,39.4
2016-01-15 07:20:00,50,10,21.89,40.223333333333294,20.963333333333296,39.4
2016-01-15 07:30:00,50,10,21.89,40.2966666666667,20.89,39.4666666666667
2016-01-15 07:40:00,50,0,21.8566666666667,40.363333333333294,20.89,39.5
2016-01-15 07:50:00,40,10,21.79,40.09666666666671,20.823333333333295,39.0266666666667
2016-01-15 08:00:00,50,10,21.6333333333333,36.66666666666671,20.296666666666695,35.6966666666667
2016-01-15 08:10:00,50,10,21.36,34.4,19.63,33.29
2016-01-15 08:20:00,150,10,21.066666666666695,33.4333333333333,19.15,32.95
2016-01-15 08:30:00,390,20,21.0,33.56,19.323333333333295,33.53
2016-01-15 08:40:00,390,10,20.89,33.86,19.53,33.99
2016-01-15 08:50:00,380,10,20.89,34.1933333333333,19.66,34.618
2016-01-15 09:00:00,400,10,20.79,34.6666666666667,19.7,34.7666666666667
2016-01-15 09:10:00,370,10,20.79,35.1933333333333,19.7,35.1
2016-01-15 09:20:00,310,10,20.76,35.9266666666667,19.79,35.4633333333333
2016-01-15 09:30:00,40,10,20.76,36.4,19.8566666666667,35.7966666666667
2016-01-15 09:40:00,50,0,20.79,36.69333333333329,19.9266666666667,36.39
2016-01-15 09:50:00,70,10,20.79,37.0266666666667,20.0,36.723333333333294
2016-01-15 10:00:00,60,10,20.89,37.36,20.033333333333296,37.0666666666667
2016-01-15 10:10:00,90,10,20.89,37.6333333333333,20.1,37.33333333333329
2016-01-15 10:20:00,60,10,20.89,37.8,20.2,37.5
2016-01-15 10:30:00,60,20,20.89,38.0666666666667,20.2,37.6333333333333
2016-01-15 10:40:00,100,0,20.89,38.2,20.29,38.1266666666667
2016-01-15 10:50:00,380,10,20.9266666666667,38.29,20.29,38.0666666666667
2016-01-15 11:00:00,390,10,21.0,38.363333333333294,20.29,38.09
2016-01-15 11:10:00,130,10,21.0,38.433333333333294,20.3566666666667,38.09
2016-01-15 11:20:00,60,0,21.0,38.56,20.39,38.23
2016-01-15 11:30:00,60,10,20.963333333333296,38.59,20.39,38.363333333333294
2016-01-15 11:40:00,50,10,20.89,38.59,20.39,38.35
2016-01-15 11:50:00,60,10,20.89,38.5266666666667,20.29,38.0666666666667
2016-01-15 12:00:00,60,10,20.89,38.4,20.29,38.15
2016-01-15 12:10:00,240,0,20.89,38.5,20.351111111111095,37.9983333333333
2016-01-15 12:20:00,80,10,20.89,38.893333333333295,20.445,37.95
2016-01-15 12:30:00,80,0,21.0,39.79,20.5833333333333,37.9777777777778
2016-01-15 12:40:00,400,0,21.0,39.99,20.625,38.0
2016-01-15 12:50:00,400,0,21.1,39.5266666666667,20.710625,38.0675
2016-01-15 13:00:00,460,10,21.1,39.3266666666667,20.79,38.039375
2016-01-15 13:10:00,170,0,21.2,39.1633333333333,20.85875,38.039375
2016-01-15 13:20:00,210,0,21.2,39.03,20.89,38.075
2016-01-15 13:30:00,190,0,21.29,38.995,20.9327777777778,38.015
2016-01-15 13:40:00,70,0,21.323333333333295,38.76,21.038888888888895,38.0
2016-01-15 13:50:00,80,0,21.39,38.7,21.088888888888896,38.05
2016-01-15 14:00:00,60,10,21.4266666666667,38.79,21.1111111111111,38.02
2016-01-15 14:10:00,70,0,21.5,38.79,21.1722222222222,38.01
2016-01-15 14:20:00,60,0,21.5,38.8266666666667,21.2,37.95
2016-01-15 14:30:00,70,0,21.5,39.0266666666667,21.275,37.9444444444444
2016-01-15 14:40:00,60,0,21.6,39.06,21.29,37.845
2016-01-15 14:50:00,60,0,21.6666666666667,38.933333333333294,21.29,37.6627777777778
2016-01-15 15:00:00,60,0,21.73,38.69333333333329,21.29,37.51
2016-01-15 15:10:00,60,0,21.79,38.36,21.3572222222222,37.4444444444444
2016-01-15 15:20:00,60,0,21.823333333333295,38.29,21.4877777777778,37.488888888888894
2016-01-15 15:30:00,50,10,21.963333333333296,38.29,21.561111111111096,37.4105555555556
2016-01-15 15:40:00,50,0,22.033333333333296,38.1266666666667,21.65,37.3572222222222
2016-01-15 15:50:00,60,0,22.1666666666667,38.2,21.715,37.308333333333294
2016-01-15 16:00:00,50,0,22.2,38.09,21.79,37.29
2016-01-15 16:10:00,50,0,22.26,38.09,21.83,37.29
2016-01-15 16:20:00,70,0,22.323333333333295,38.06,21.8677777777778,37.27
2016-01-15 16:30:00,50,0,22.323333333333295,38.0,21.8677777777778,37.215
2016-01-15 16:40:00,60,0,22.323333333333295,37.9666666666667,21.89,37.2
2016-01-15 16:50:00,60,0,22.39,37.8725,21.8677777777778,37.1511111111111
2016-01-15 17:00:00,90,0,22.39,37.863333333333294,21.8677777777778,37.1755555555556
2016-01-15 17:10:00,100,10,22.39,37.79,21.89,37.145
2016-01-15 17:20:00,90,0,22.39,37.79,21.89,37.1022222222222
2016-01-15 17:30:00,100,10,22.39,37.79,21.89,37.09
2016-01-15 17:40:00,110,0,22.39,37.79,21.89,37.09
2016-01-15 17:50:00,100,10,22.39,37.79,21.89,37.09
2016-01-15 18:00:00,80,0,22.39,37.79,21.89,37.09
2016-01-15 18:10:00,110,10,22.39,37.86,21.89,37.1541666666667
2016-01-15 18:20:00,260,10,22.39,38.66666666666671,21.89,37.1214285714286
2016-01-15 18:30:00,350,10,22.463333333333296,39.9566666666667,21.89,37.1855555555556
2016-01-15 18:40:00,500,10,22.39,42.03,21.89,37.46
2016-01-15 18:50:00,370,10,22.4266666666667,43.39,21.956,37.92
2016-01-15 19:00:00,330,20,22.5,45.6633333333333,22.0,38.395
2016-01-15 19:10:00,100,10,22.5,47.19333333333329,22.0,39.09666666666671
2016-01-15 19:20:00,110,20,22.566666666666695,46.86,22.0,39.43
2016-01-15 19:30:00,140,20,22.6,44.893333333333295,22.0,39.5266666666667
2016-01-15 19:40:00,310,30,22.6,43.893333333333295,22.0,39.19333333333329
2016-01-15 19:50:00,330,20,22.6,42.4966666666667,22.0,39.06
2016-01-15 20:00:00,190,20,22.6,41.7566666666667,22.0,39.0
2016-01-15 20:10:00,160,20,22.6,41.05,22.0,38.933333333333294
2016-01-15 20:20:00,160,30,22.7,40.863333333333294,22.0,39.1333333333333
2016-01-15 20:30:00,480,10,22.76,40.73,22.1,39.5
2016-01-15 20:40:00,280,20,22.89,40.59,22.1975,39.5225
2016-01-15 20:50:00,130,20,22.963333333333296,40.463333333333296,22.29,39.59
2016-01-15 21:00:00,150,20,23.033333333333296,40.223333333333294,22.39,39.4666666666667
2016-01-15 21:10:00,140,20,23.1,39.963333333333296,22.39,39.3266666666667
2016-01-15 21:20:00,130,20,23.2,39.723333333333294,22.39,39.1633333333333
2016-01-15 21:30:00,130,20,23.2,39.53,22.39,39.03
2016-01-15 21:40:00,340,20,23.2,39.33333333333329,22.5,38.9666666666667
2016-01-15 21:50:00,490,10,23.2,39.1266666666667,22.4266666666667,38.8266666666667
2016-01-15 22:00:00,230,10,23.2,39.06,22.39,38.76
2016-01-15 22:10:00,360,10,23.2,38.933333333333294,22.463333333333296,38.76
2016-01-15 22:20:00,410,10,23.26,39.0,22.5,38.43
2016-01-15 22:30:00,150,0,23.26,39.19333333333329,22.4266666666667,38.1566666666667
2016-01-15 22:40:00,80,10,23.2,39.23,22.39,38.2
2016-01-15 22:50:00,80,10,23.2,39.363333333333294,22.39,38.26
2016-01-15 23:00:00,70,10,23.2,39.5,22.39,38.3266666666667
2016-01-15 23:10:00,70,10,23.2,39.56,22.39,38.4
2016-01-15 23:20:00,70,0,23.1,39.6266666666667,22.323333333333295,38.5
2016-01-15 23:30:00,60,10,23.1,39.7,22.323333333333295,38.56
2016-01-15 23:40:00,60,10,23.1,39.76,22.26,38.6633333333333
2016-01-15 23:50:00,50,10,23.0,39.8,22.2,38.6633333333333
2016-01-16 00:00:00,50,0,23.0,40.0,22.15,38.79
2016-01-16 00:10:00,50,0,22.89,40.1266666666667,22.1,38.933333333333294
2016-01-16 00:20:00,30,0,22.89,40.2,22.033333333333296,39.0
2016-01-16 00:30:00,20,0,22.79,40.09,22.0,39.1266666666667
2016-01-16 00:40:00,40,0,22.79,40.1633333333333,22.0,39.26
2016-01-16 00:50:00,50,0,22.76,40.23,21.89,39.29
2016-01-16 01:00:00,50,0,22.7,40.29,21.89,39.363333333333294
2016-01-16 01:10:00,50,0,22.6666666666667,40.29,21.8566666666667,39.4
2016-01-16 01:20:00,60,0,22.6,40.29,21.79,39.4666666666667
2016-01-16 01:30:00,50,0,22.6,40.29,21.7,39.53
2016-01-16 01:40:00,60,0,22.6,40.29,21.7,39.59
2016-01-16 01:50:00,50,0,22.5,40.29,21.6666666666667,39.56
2016-01-16 02:00:00,40,0,22.5,40.29,21.6,39.56
2016-01-16 02:10:00,50,0,22.39,40.2,21.5,39.59
2016-01-16 02:20:00,50,0,22.39,40.2,21.5,39.59
2016-01-16 02:30:00,50,0,22.3566666666667,40.2,21.463333333333296,39.56
2016-01-16 02:40:00,50,0,22.29,40.2,21.39,39.5
2016-01-16 02:50:00,40,0,22.29,40.2,21.3566666666667,39.56
2016-01-16 03:00:00,30,0,22.2,40.09,21.29,39.56
2016-01-16 03:10:00,30,0,22.2,40.09,21.29,39.59
2016-01-16 03:20:00,40,0,22.1666666666667,40.09,21.2675,39.5675
2016-01-16 03:30:00,50,0,22.1,40.09,21.2,39.56
2016-01-16 03:40:00,50,0,22.066666666666695,40.06,21.1,39.59
2016-01-16 03:50:00,50,0,22.0,40.0,21.1,39.59
2016-01-16 04:00:00,50,0,21.963333333333296,40.0,21.066666666666695,39.56
2016-01-16 04:10:00,60,0,21.89,40.0,21.0,39.5
2016-01-16 04:20:00,50,0,21.89,40.0,21.0,39.5
2016-01-16 04:30:00,50,0,21.89,40.0,20.9266666666667,39.5
2016-01-16 04:40:00,40,0,21.79,39.9,20.89,39.53
2016-01-16 04:50:00,50,0,21.79,39.9,20.89,39.59
2016-01-16 05:00:00,50,0,21.76,39.9,20.79,39.5
2016-01-16 05:10:00,50,0,21.7,39.9,20.79,39.5
2016-01-16 05:20:00,50,0,21.7,39.9,20.79,39.5
2016-01-16 05:30:00,30,0,21.6333333333333,39.8266666666667,20.73,39.5
2016-01-16 05:40:00,30,0,21.6,39.9,20.7,39.5
2016-01-16 05:50:00,30,0,21.6,39.9,20.7,39.56
2016-01-16 06:00:00,50,0,21.5,39.9,20.6666666666667,39.5
2016-01-16 06:10:00,50,0,21.5,39.925,20.6,39.56
2016-01-16 06:20:00,40,0,21.4266666666667,39.933333333333294,20.6,39.59
2016-01-16 06:30:00,60,0,21.39,39.9,20.575,39.6175
2016-01-16 06:40:00,60,0,21.39,39.9,20.5,39.7
2016-01-16 06:50:00,50,0,21.3566666666667,39.933333333333294,20.5,39.7
2016-01-16 07:00:00,50,0,21.29,40.0,20.5,39.76
2016-01-16 07:10:00,50,0,21.29,40.03,20.463333333333296,39.76
2016-01-16 07:20:00,220,0,21.23,40.03,20.39,39.7
2016-01-16 07:30:00,390,10,21.2,39.863333333333294,20.3566666666667,39.56
2016-01-16 07:40:00,380,10,21.2,39.79,20.29,39.5
2016-01-16 07:50:00,390,10,21.2,39.963333333333296,20.315,39.55
2016-01-16 08:00:00,390,10,21.2,40.223333333333294,20.39,39.76
2016-01-16 08:10:00,240,10,21.29,40.53,20.4266666666667,40.0666666666667
2016-01-16 08:20:00,40,10,21.3566666666667,40.6633333333333,20.566666666666695,40.26
2016-01-16 08:30:00,70,10,21.5,40.7,20.6333333333333,40.3266666666667
2016-01-16 08:40:00,50,0,21.5,41.033333333333296,20.7,40.4666666666667
2016-01-16 08:50:00,50,0,21.5,41.8,20.79,40.59
2016-01-16 09:00:00,70,0,21.566666666666695,42.5266666666667,20.8566666666667,40.723333333333294
2016-01-16 09:10:00,60,0,21.6333333333333,42.1,20.9266666666667,40.79
2016-01-16 09:20:00,70,0,21.7,41.6333333333333,21.0,40.53
2016-01-16 09:30:00,60,0,21.745,40.995,21.033333333333296,40.4
2016-01-16 09:40:00,50,0,21.79,40.79,21.1,40.4
2016-01-16 09:50:00,60,0,21.8566666666667,40.863333333333294,21.15,40.4
2016-01-16 10:00:00,60,0,21.89,40.79,21.2,40.4
2016-01-16 10:10:00,80,0,21.89,40.79,21.26,40.4666666666667
2016-01-16 10:20:00,100,0,21.89,40.8266666666667,21.29,40.4666666666667
2016-01-16 10:30:00,60,0,21.963333333333296,41.1,21.3566666666667,40.4
2016-01-16 10:40:00,70,0,22.0,41.33333333333329,21.39,40.3266666666667
2016-01-16 10:50:00,60,0,22.0,41.1266666666667,21.39,40.4666666666667
2016-01-16 11:00:00,60,0,22.033333333333296,41.03,21.5,40.56
2016-01-16 11:10:00,50,0,22.1,41.03,21.5,40.5
2016-01-16 11:20:00,50,0,22.1,41.0,21.5,40.5
2016-01-16 11:30:00,40,0,22.1666666666667,41.06,21.5,40.433333333333294
2016-01-16 11:40:00,50,0,22.2,41.09,21.6,40.4
2016-01-16 11:50:00,70,0,22.2,41.1633333333333,21.533333333333296,40.4666666666667
2016-01-16 12:00:00,60,0,22.1666666666667,41.23,21.6,40.5
2016-01-16 12:10:00,60,0,22.1666666666667,41.29,21.6,40.5
2016-01-16 12:20:00,80,0,22.1,41.29,21.566666666666695,40.5
2016-01-16 12:30:00,80,0,22.1,41.29,21.5,40.5
2016-01-16 12:40:00,80,0,22.1,41.29,21.5,40.53
2016-01-16 12:50:00,90,0,22.075,40.045,21.3,38.9233333333333
2016-01-16 13:00:00,90,0,22.0,39.223333333333294,21.1,37.95
2016-01-16 13:10:00,100,0,22.0,39.6266666666667,21.1,38.1566666666667
2016-01-16 13:20:00,80,0,22.0,39.5666666666667,21.1,38.363333333333294
2016-01-16 13:30:00,90,0,21.963333333333296,39.56,21.1,38.5
2016-01-16 13:40:00,80,0,21.89,39.433333333333294,21.1,38.5
2016-01-16 13:50:00,80,0,21.89,39.53,21.1,38.59
2016-01-16 14:00:00,80,0,21.89,39.59,21.1,38.6633333333333
2016-01-16 14:10:00,80,0,21.89,39.5,21.1,38.73
2016-01-16 14:20:00,90,0,21.89,39.5,21.1,38.79
2016-01-16 14:30:00,70,0,21.89,39.4666666666667,21.0,38.79
2016-01-16 14:40:00,50,0,21.89,39.4,21.0,38.79
2016-01-16 14:50:00,60,10,21.89,39.4,20.963333333333296,38.863333333333294
2016-01-16 15:00:00,70,10,21.89,39.4,20.963333333333296,38.79
2016-01-16 15:10:00,80,10,21.89,39.26,20.89,38.6633333333333
2016-01-16 15:20:00,70,10,21.823333333333295,39.1266666666667,20.89,38.53
2016-01-16 15:30:00,370,10,21.76,39.06,20.79,38.363333333333294
2016-01-16 15:40:00,410,20,21.7,38.933333333333294,20.79,38.23
2016-01-16 15:50:00,250,10,21.7,38.93,20.76,38.2
2016-01-16 16:00:00,80,10,21.7,38.79,20.7,38.2
2016-01-16 16:10:00,70,10,21.65,38.69,20.7,38.1633333333333
2016-01-16 16:20:00,70,0,21.6,38.56,20.7,38.0675
2016-01-16 16:30:00,80,10,21.6,38.5,20.7,37.933333333333294
2016-01-16 16:40:00,70,20,21.5,38.4,20.6,37.79
2016-01-16 16:50:00,80,20,21.5,38.3266666666667,20.6,37.73
2016-01-16 17:00:00,80,20,21.5,38.26,20.566666666666695,37.7
2016-01-16 17:10:00,150,20,21.4266666666667,38.1266666666667,20.5,37.7
2016-01-16 17:20:00,380,30,21.39,38.23,20.463333333333296,37.59
2016-01-16 17:30:00,290,30,21.39,38.43,20.463333333333296,37.59
2016-01-16 17:40:00,270,20,21.39,38.56,20.39,37.59
2016-01-16 17:50:00,420,30,21.323333333333295,38.56,20.39,37.59
2016-01-16 18:00:00,280,20,21.29,38.5,20.463333333333296,37.7
2016-01-16 18:10:00,300,20,21.29,38.56,20.463333333333296,37.76
2016-01-16 18:20:00,350,30,21.4266666666667,39.0,20.533333333333296,37.76
2016-01-16 18:30:00,270,20,21.566666666666695,39.06,20.679,37.745
2016-01-16 18:40:00,560,20,21.73,40.9,20.79,37.79
2016-01-16 18:50:00,1080,30,21.93,42.7666666666667,21.04,38.08
2016-01-16 19:00:00,750,20,22.163333333333295,42.4,21.2864285714286,38.39
2016-01-16 19:10:00,390,10,22.496666666666705,43.19333333333329,21.5594444444444,38.90333333333329
2016-01-16 19:20:00,350,10,22.893333333333295,42.19333333333329,21.7927777777778,39.225
2016-01-16 19:30:00,340,10,23.175,41.67,21.9572222222222,39.228888888888896
2016-01-16 19:40:00,290,20,23.2,41.2266666666667,22.011111111111095,39.0872222222222
2016-01-16 19:50:00,230,40,23.29,40.7966666666667,22.09375,38.9425
2016-01-16 20:00:00,120,30,23.29,40.39,22.1,38.6266666666667
2016-01-16 20:10:00,110,40,23.29,39.93,22.1,38.4666666666667
2016-01-16 20:20:00,100,40,23.29,39.73,22.1,38.4
2016-01-16 20:30:00,110,40,23.29,39.6633333333333,22.15,38.29
2016-01-16 20:40:00,130,40,23.29,39.463333333333296,22.1,38.2
2016-01-16 20:50:00,140,30,23.29,39.1266666666667,22.1,38.2
2016-01-16 21:00:00,110,30,23.29,39.0666666666667,22.1,38.2
2016-01-16 21:10:00,100,20,23.29,38.7,22.1666666666667,38.2
2016-01-16 21:20:00,100,30,23.29,38.7,22.2,38.1725
2016-01-16 21:30:00,110,20,23.29,38.56,22.1333333333333,38.03
2016-01-16 21:40:00,110,20,23.23,38.433333333333294,22.1,37.9666666666667
2016-01-16 21:50:00,190,20,23.26,38.363333333333294,22.1,37.9
2016-01-16 22:00:00,450,20,23.2,38.29,22.1,37.863333333333294
2016-01-16 22:10:00,210,20,23.1666666666667,38.1633333333333,22.1,37.79
2016-01-16 22:20:00,100,30,23.1,38.09,22.1,37.79
2016-01-16 22:30:00,90,20,23.066666666666695,38.1266666666667,22.033333333333296,37.73
2016-01-16 22:40:00,90,20,23.0,38.33333333333329,21.963333333333296,37.7
2016-01-16 22:50:00,80,20,22.89,38.545,21.89,37.76
